Date,BTC,ETH,XRP,LINK,LTC,BCH,ADA
2020/4/8,7175.667477,166.4521496,0.193582911,2.736253299,44.89411619,251.5909805,0.035260257
2020/4/9,7367.293398,172.8180919,0.201958849,3.242895976,46.7772326,269.2600643,0.036663651
2020/4/10,7321.816614,170.898714,0.199331181,3.357759426,46.78021917,259.7160089,0.036243715
2020/4/11,6866.398189,158.3075978,0.188334107,3.224202407,42.27977728,232.8838169,0.033230498
2020/4/12,6873.848495,158.010143,0.187764232,3.280553751,42.46551647,231.566289,0.033486199
2020/4/13,7043.438864,162.023023,0.191881902,3.487041837,42.71565914,237.6704453,0.034065745
2020/4/14,6889.863772,158.3185448,0.189047837,3.405024538,41.52445092,225.0408047,0.033435362
2020/4/15,6887.554908,159.7720237,0.186342344,3.267827427,41.22337685,223.3475486,0.033136055
2020/4/16,6718.79995,155.7292613,0.18382426,3.195655349,40.19664325,220.4227861,0.032636566
2020/4/17,7166.582817,174.0709972,0.192536385,3.485459601,42.99234795,239.0415348,0.034807243
2020/4/18,7065.082389,170.4157421,0.189927755,3.460384234,42.50082698,233.0246979,0.034442664
2020/4/19,7277.140586,188.1478721,0.196034926,3.795965407,44.14097176,246.4693386,0.036679998
2020/4/20,7185.870303,182.8541797,0.192034016,3.678787044,42.87530587,235.3450756,0.035948483
2020/4/21,6856.146435,171.3567484,0.183201064,3.49367353,40.67590651,221.9225124,0.034568611
2020/4/22,6904.475773,173.0543256,0.185341071,3.52125421,40.95984353,222.0032665,0.034874089
2020/4/23,7118.388748,182.209944,0.188216338,3.650256651,41.76757236,232.5093946,0.036466446
2020/4/24,7562.032832,189.041151,0.194695717,3.829121536,43.50520977,240.9139262,0.041680869
2020/4/25,7497.861764,186.7921766,0.193008428,3.790761933,44.30576745,237.3546246,0.04137121
2020/4/26,7542.303401,193.6154222,0.194369047,3.781162129,44.35042907,238.9608327,0.042131537
2020/4/27,7624.853786,195.0902575,0.19576257,3.686497456,44.26214898,243.6748046,0.045622013
2020/4/28,7776.507543,197.025236,0.197796359,3.626190947,44.56962842,244.0530368,0.047066829
2020/4/29,7761.758784,197.3102249,0.215298441,3.621086258,45.29667769,242.3029028,0.047055868
2020/4/30,8773.106488,215.2002836,0.226856035,3.881665691,48.61815486,256.9818348,0.051389255
2020/5/1,8767.672623,210.6202342,0.215295744,3.729330287,46.97464961,253.5597013,0.048702542
2020/5/2,8853.774484,212.3596702,0.217732138,3.773312718,47.13657286,255.1821689,0.050880851
2020/5/3,8963.057558,214.7327164,0.224227642,3.838570957,49.3709029,260.8655569,0.050883916
2020/5/4,8904.713817,210.1867624,0.219740977,3.739091131,47.97819596,251.7630216,0.049045421
2020/5/5,8887.505893,207.6209439,0.218135175,3.745634707,47.02225431,246.6679563,0.049445426
2020/5/6,8978.283587,205.0922163,0.216913757,3.692888135,46.60505528,246.5053212,0.04955404
2020/5/7,9371.684273,206.1612678,0.217994262,3.663051116,46.65499743,248.173663,0.050573591
2020/5/8,9900.678867,212.9707684,0.218891782,3.761330518,47.5845531,252.9361817,0.051173414
2020/5/9,9917.248414,213.6120028,0.219787743,3.834426734,47.99443877,262.637259,0.052483243
2020/5/10,9617.518195,211.3727352,0.218176088,4.071390705,47.20871308,265.6216125,0.051697867
2020/5/11,8786.655182,188.6446608,0.197604161,3.766351102,42.11498052,233.8085014,0.0475159
2020/5/12,8608.125245,186.0147755,0.191879348,3.54585622,41.39667267,231.3386806,0.047827193
2020/5/13,8815.231245,189.8181868,0.197453798,3.692898312,42.21576365,232.7803847,0.050345657
2020/5/14,9330.986485,199.4712477,0.202382734,3.764168293,43.31100631,239.6948877,0.051710216
2020/5/15,9757.296586,203.7694208,0.204235034,3.832658618,44.0827572,243.1847314,0.051250329
2020/5/16,9362.635557,196.1392799,0.199149673,3.68943329,43.03651617,236.5919925,0.05098562
2020/5/17,9418.918551,201.4660091,0.200273805,3.776389379,43.37451797,237.4902771,0.050968631
2020/5/18,9684.701959,207.4047794,0.201559729,3.780678547,43.75158061,241.7452282,0.051260172
2020/5/19,9723.68015,214.5257268,0.204932074,3.884259667,45.21691264,246.976311,0.054122314
2020/5/20,9719.480854,213.6812562,0.204245424,3.928738408,45.48049365,246.2793006,0.056761448
2020/5/21,9540.886567,209.853671,0.201416391,4.059063708,44.18301799,239.4447741,0.056773282
2020/5/22,9141.150637,200.2877989,0.195494548,3.888964573,42.94138747,229.1255283,0.052720876
2020/5/23,9192.845136,208.0416961,0.201005648,4.099548097,44.39677862,235.2512397,0.056180949
2020/5/24,9220.075887,207.6257023,0.199780694,3.963140767,44.08713678,235.1662733,0.055249946
2020/5/25,9048.715119,206.4529748,0.19790031,3.903569276,43.13616795,229.8171498,0.054180449
2020/5/26,8905.781605,204.0382217,0.194887583,3.85304322,42.91453259,230.4584959,0.053760091
2020/5/27,8835.727224,201.2088663,0.19420557,3.834206074,42.3626319,228.5560646,0.053606738
2020/5/28,9112.979176,206.1006556,0.19685845,3.854727369,43.52580506,231.1680496,0.054925997
2020/5/29,9507.524665,216.5178744,0.198841876,3.941607398,44.35482298,237.7461863,0.064238517
2020/5/30,9425.281869,220.5019166,0.197292232,3.975586054,44.50004644,238.1918739,0.064348295
2020/5/31,9688.32439,243.6303481,0.207194783,4.157797178,47.70512378,252.3349362,0.077199879
2020/6/1,9427.670084,231.2504176,0.201861383,4.109854251,45.49122717,238.4916568,0.073246939
2020/6/2,10268.58198,250.0599161,0.211988389,4.428639304,48.74376355,254.7395327,0.081981007
2020/6/3,9516.135443,237.3090653,0.202639894,4.399816195,45.95860054,251.0486066,0.078785032
2020/6/4,9667.060754,244.5193628,0.203944666,4.493592334,47.15080718,252.9487181,0.085237702
2020/6/5,9811.367095,243.4132804,0.2043782,4.428399942,47.45831394,256.2544339,0.08850431
2020/6/6,9659.661298,240.7663786,0.203259547,4.381474218,47.00125264,256.7324089,0.085555828
2020/6/7,9677.050995,242.3213963,0.203650417,4.355292988,46.81835966,253.4468069,0.08618532
2020/6/8,9737.458559,243.8256551,0.203096813,4.337787796,46.55746413,252.7980841,0.085991857
2020/6/9,9791.9279,247.0407956,0.204224423,4.460281974,46.45020541,255.1583287,0.086372789
2020/6/10,9786.14202,244.5428507,0.201750574,4.445183853,46.02963139,254.7425851,0.083536673
2020/6/11,9874.967048,247.4454296,0.202603261,4.429166654,46.64086594,257.1038254,0.083537095
2020/6/12,9260.832641,230.5056339,0.187936834,3.93450622,43.15418707,233.7973045,0.075169674
2020/6/13,9464.228097,237.2197469,0.192848271,4.082577175,44.65231155,240.4355691,0.079166097
2020/6/14,9458.659754,238.2201401,0.192529782,4.102849031,45.08434309,240.7807263,0.07858198
2020/6/15,9351.953728,232.6132805,0.190541215,3.959112417,44.14931842,238.1150231,0.076527041
2020/6/16,9441.768996,231.2550027,0.192650953,3.942254249,43.82508507,236.2095868,0.078788771
2020/6/17,9510.660637,234.750921,0.191937729,4.044592941,43.79574889,236.9207774,0.078802107
2020/6/18,9457.627074,234.031026,0.193199864,4.167820653,44.02053088,240.5529496,0.083487621
2020/6/19,9398.642094,231.8059383,0.190060918,4.167584722,43.51493316,236.3492696,0.082136374
2020/6/20,9279.760765,228.8903068,0.186720905,4.084499984,42.79171688,232.9022807,0.079598095
2020/6/21,9353.078196,228.7451599,0.18805116,4.180084496,43.5566332,232.6475263,0.079317607
2020/6/22,9289.104491,227.6154757,0.185737774,4.182051772,42.95253072,229.8887362,0.078255539
2020/6/23,9680.947128,243.228194,0.189751836,4.479086297,44.33233673,241.291571,0.083680801
2020/6/24,9609.680246,242.9270899,0.188764056,4.800796765,44.07255698,239.9888003,0.082816385
2020/6/25,9311.136318,235.1756536,0.183839108,4.708626723,42.68349847,233.176829,0.082792933
2020/6/26,9252.633372,232.5691464,0.181684087,4.805115428,42.35489055,232.3305234,0.08154694
2020/6/27,9171.732086,229.9450698,0.183003609,4.692372737,43.17057525,230.7942459,0.080625822
2020/6/28,9022.153768,221.4079024,0.175905884,4.435624837,41.19181799,216.8874968,0.077561194
2020/6/29,9101.850057,224.1848295,0.176757313,4.531685862,41.25796786,221.9286485,0.079910601
2020/6/30,9188.061375,228.333342,0.17743006,4.606797383,41.91046757,225.2839053,0.083765895
2020/7/1,9148.444859,225.9467951,0.175366749,4.573028805,41.25183514,222.6686194,0.083223299
2020/7/2,9236.31677,230.7048875,0.176725831,4.68625303,41.81086747,223.7232639,0.092928509
2020/7/3,9097.797366,226.722979,0.175346771,4.786168305,40.95772022,219.9533183,0.093441327
2020/7/4,9094.324561,226.3593386,0.176859163,4.785755971,41.26070166,221.9177897,0.096759354
2020/7/5,9124.653534,228.807199,0.177918611,4.797111266,42.02226459,225.0259238,0.098575336
2020/7/6,9055.464483,227.0958438,0.17637614,4.742239286,41.44308849,220.6005031,0.098082228
2020/7/7,9278.805637,238.929701,0.187081771,5.271746234,43.71582244,240.5934481,0.104032005
2020/7/8,9244.415815,238.4339891,0.184751201,5.764003761,43.26314285,237.324246,0.118014055
2020/7/9,9471.759973,248.2818793,0.205461648,6.47869715,45.56154003,244.8725277,0.129956264
2020/7/10,9236.143254,241.7872199,0.201908515,6.09954803,44.34841536,237.7192728,0.124117598
2020/7/11,9243.175259,240.1467527,0.198096929,6.123790681,44.17846869,237.601423,0.118506479
2020/7/12,9229.859755,238.9943355,0.201083767,6.089266116,44.44773091,236.2179951,0.125740208
2020/7/13,9286.737042,240.2236659,0.200437716,7.153453151,44.64896546,236.8343509,0.123931934
2020/7/14,9238.993755,239.3273162,0.198343242,7.117916082,43.89283402,231.6958558,0.124578113
2020/7/15,9260.47098,240.8414253,0.198832708,8.113328391,43.73040508,230.5625243,0.131023539
2020/7/16,9211.026433,238.4254491,0.197559849,8.643420286,43.30042288,227.5682637,0.129917641
2020/7/17,9133.77783,233.0853182,0.193125939,8.490411406,42.01513689,224.2858688,0.125647358
2020/7/18,9160.410591,232.897595,0.194126329,8.298246933,41.90940287,222.9560624,0.123129237
2020/7/19,9176.68639,235.7401242,0.199554691,7.988178635,42.49211906,224.6151501,0.122859221
2020/7/20,9190.271534,237.7425541,0.199226246,8.091540966,42.54894261,227.3675037,0.124364311
2020/7/21,9172.588333,236.0678442,0.194375322,7.3657559,41.91186446,222.9265168,0.117835941
2020/7/22,9395.064446,245.2152675,0.198786962,7.1675273,43.59651303,230.018183,0.123307136
2020/7/23,9530.790885,264.0682845,0.202585425,7.443056801,44.61084181,237.6249268,0.123571426
2020/7/24,9617.377861,275.8085217,0.208061039,7.894075583,45.14055141,239.4618401,0.124637491
2020/7/25,9568.974726,282.0835889,0.205122059,7.48016536,44.35110746,236.0845818,0.121528628
2020/7/26,9708.94914,305.6981196,0.215104936,7.665398032,49.28779425,251.5658165,0.13921251
2020/7/27,9938.951223,312.1649089,0.215804503,7.538454913,48.24400753,248.8016113,0.149313955
2020/7/28,11187.77973,329.6317211,0.228373997,7.138861803,55.32183832,273.9006895,0.140530547
2020/7/29,10939.67014,317.150009,0.231017154,7.137821749,55.53504173,291.2594632,0.149898628
2020/7/30,11284.45899,322.5821788,0.247640168,7.085677919,55.9249167,291.7936984,0.141388609
2020/7/31,11118.91841,336.2069898,0.246115498,7.402859201,57.7249513,293.8632283,0.141460118
2020/8/1,11373.31726,346.0277183,0.258617611,7.724164119,58.39915784,301.6113611,0.139917446
2020/8/2,11766.7483,385.3971442,0.29406739,8.296792088,61.46745157,319.8449455,0.144391295
2020/8/3,11139.09838,376.7304078,0.290894666,8.300618519,57.29901135,286.0997407,0.134456162
2020/8/4,11261.80633,389.0088526,0.311210136,8.83462115,58.501524,296.4663177,0.137436501
2020/8/5,11228.02632,391.4719188,0.302844205,9.8810706,57.82674915,289.1169183,0.144551174
2020/8/6,11653.40759,398.7823156,0.301605258,9.495965738,58.47971789,291.0275653,0.141728798
2020/8/7,11796.81736,395.0946703,0.304378991,9.663378143,59.32069014,309.3463061,0.143573667
2020/8/8,11639.93541,382.7311752,0.296183811,9.996462107,57.66170102,305.3101604,0.140212826
2020/8/9,11744.91208,390.8088262,0.294386433,12.71438488,57.99127965,303.6952097,0.146760555
2020/8/10,11673.12324,388.3353163,0.288326112,14.10484006,56.76427287,298.5920288,0.144822775
2020/8/11,11832.22731,395.3996937,0.294695407,13.34018669,58.27754708,303.0214866,0.143458602
2020/8/12,11340.58234,375.7376316,0.280590515,12.79459471,53.84165628,279.0667776,0.134855086
2020/8/13,11549.54631,385.6144268,0.280666127,15.82135733,54.37798144,283.6113165,0.136671012
2020/8/14,11752.16866,426.5197718,0.291383153,17.43814142,57.23210281,297.033404,0.139845566
2020/8/15,11783.28341,439.4651312,0.301962011,16.98967819,56.95730525,295.0269599,0.139341655
2020/8/16,11895.62695,432.5808731,0.300305192,18.99860109,60.28207076,303.720593,0.138392724
2020/8/17,11896.94717,432.9948223,0.300996159,19.03076074,62.22813106,306.7167252,0.138729201
2020/8/18,12399.11188,439.1354267,0.321769255,18.71471517,68.09085569,325.232728,0.14220827
2020/8/19,12071.73891,426.6580776,0.305664127,16.71064575,66.75904841,307.9298536,0.13849704
2020/8/20,11749.82951,406.7773731,0.289104014,16.54984362,61.55236159,290.6182647,0.130790527
2020/8/21,11833.89735,414.8923131,0.290688993,16.09895138,62.42965246,292.0280886,0.132827088
2020/8/22,11583.13894,392.9193709,0.281824053,14.49617231,59.93854292,285.998217,0.124335766
2020/8/23,11674.62435,393.7887017,0.284195912,16.25340028,60.28170293,285.9934888,0.126036802
2020/8/24,11666.41012,392.2001782,0.285144955,14.97817074,60.66594102,284.1375509,0.121848188
2020/8/25,11744.0127,406.0046386,0.288679647,15.07968304,62.0530229,290.6899876,0.124324521
2020/8/26,11378.72603,383.7475334,0.277270153,14.31537243,58.52938513,276.5603968,0.11298644
2020/8/27,11458.8226,386.4422056,0.27718724,14.99041543,58.18882282,274.8313761,0.114806927
2020/8/28,11302.12096,381.5294807,0.262653142,14.44423276,55.69544563,263.7289715,0.105395773
2020/8/29,11482.22569,391.9147664,0.270030769,15.1183034,56.67931779,266.6991158,0.108801168
2020/8/30,11515.04443,402.903116,0.275006414,16.56919072,57.29259577,269.2817499,0.115435658
2020/8/31,11657.00393,423.0770923,0.281837802,16.67935466,61.93985559,276.6174583,0.116784998
2020/9/1,11678.37326,435.2801715,0.281656342,15.94525136,61.08697438,274.7972121,0.122649872
2020/9/2,11964.20867,480.5552222,0.296297519,16.19595061,63.36223131,287.3624112,0.125864901
2020/9/3,11427.7026,441.8792973,0.277925032,14.9520291,58.44322286,265.1234073,0.116043733
2020/9/4,10712.92065,399.5571541,0.260303893,13.00985279,52.98107937,242.7492585,0.103211208
2020/9/5,10563.89694,391.8715285,0.256198561,12.63217327,51.1637644,233.350279,0.103206333
2020/9/6,10042.85485,329.0848012,0.233500668,10.37649522,46.73971045,220.7985943,0.088171693
2020/9/7,10207.605,349.4605532,0.239609537,12.52308562,47.65009452,225.4186866,0.091601563
2020/9/8,10381.77611,354.3037632,0.242688856,12.51105497,48.68881686,228.868593,0.093488103
2020/9/9,10043.19644,334.0254168,0.234443194,11.49022154,46.85150976,220.3914768,0.089569799
2020/9/10,10268.46092,354.5133293,0.240394664,12.42281445,48.07907111,224.9525151,0.094000356
2020/9/11,10341.01598,367.1263141,0.243403633,12.55437,48.64044954,226.7379993,0.097211274
2020/9/12,10380.5396,374.2875959,0.243329122,12.52851239,48.98554358,225.2367613,0.096727563
2020/9/13,10436.36541,383.9274938,0.247170701,12.59439518,50.88733227,228.5925966,0.09720752
2020/9/14,10313.06858,364.5362188,0.241808723,11.99325732,48.02002975,221.7106969,0.094461546
2020/9/15,10680.29756,373.5045266,0.24567871,12.06436261,48.70359129,224.0838445,0.095995631
2020/9/16,10829.50531,365.8433246,0.244243118,11.07439032,48.67351713,235.8305588,0.093759881
2020/9/17,11033.38353,367.4346465,0.248963226,10.88639255,48.31965614,232.8771693,0.091825302
2020/9/18,10937.11126,389.3184008,0.25204599,10.87468855,49.02235882,233.5623937,0.094350065
2020/9/19,10933.93116,382.9262672,0.250217856,10.12063087,48.28112109,233.7482753,0.090598646
2020/9/20,11048.87928,384.250568,0.251221203,10.08117512,48.38564008,232.9908635,0.091423705
2020/9/21,10852.91014,367.3231537,0.244421899,9.551569254,46.56222926,223.669212,0.088272825
2020/9/22,10526.20289,347.5680273,0.233565494,8.977592871,43.70660799,215.0124161,0.081082506
2020/9/23,10531.16456,345.1418278,0.233316095,8.741200338,44.46028865,216.6861837,0.082082925
2020/9/24,10260.03301,322.3349075,0.223449785,7.864190836,43.04741303,208.0507772,0.077203244
2020/9/25,10672.95681,348.9888399,0.231996559,9.791851775,44.77884414,216.0355455,0.082817785
2020/9/26,10729.06961,354.7818319,0.243190735,10.83071654,46.30852603,217.7954225,0.096855007
2020/9/27,10741.47647,354.0452726,0.241693633,10.2629056,46.03461846,221.6678491,0.094853175
2020/9/28,10752.34545,354.9380677,0.242504908,10.77331108,45.98778304,227.6622737,0.10089149
2020/9/29,10863.06572,361.7481129,0.246553395,10.6950975,46.19486239,229.6891481,0.102934068
2020/9/30,10764.28437,357.3310058,0.241472277,9.798939654,45.44673507,227.2932926,0.100141063
2020/10/1,10741.57955,358.7399607,0.240130672,9.818929541,46.06110567,227.047624,0.10071654
2020/10/2,10626.60096,352.0332682,0.238235153,9.612130193,46.08013781,225.0738867,0.097421773
2020/10/3,10567.3302,345.3998476,0.23354321,9.206988132,44.87627041,219.1099793,0.093099723
2020/10/4,10555.02868,347.1718313,0.233309375,9.310682851,45.74824371,218.9166818,0.093625861
2020/10/5,10660.61118,351.640032,0.246834744,9.351185539,46.60521129,220.1334365,0.096938429
2020/10/6,10756.40458,352.6185941,0.250996339,9.615912569,46.11566673,220.8137088,0.097073644
2020/10/7,10589.62639,340.348183,0.244612652,8.75512768,45.80509987,218.7488288,0.09231183
2020/10/8,10645.75479,339.3783145,0.247874696,8.847267642,46.46042312,221.7476167,0.093120374
2020/10/9,10897.59543,350.9546298,0.251436157,9.60377074,47.17848806,233.058106,0.095902154
2020/10/10,11052.39508,364.3294015,0.252756779,10.3500933,47.93841909,237.3181412,0.10192308
2020/10/11,11360.85272,374.6844229,0.256588409,10.64518702,49.34283048,239.2539894,0.106897691
2020/10/12,11334.02674,372.7678334,0.254397547,10.70960289,50.50045288,239.5365237,0.105773211
2020/10/13,11666.2117,393.107199,0.257023399,11.60044608,51.30117055,242.2801832,0.110574326
2020/10/14,11443.73279,381.6256169,0.256218305,11.07334119,50.01624894,253.8210184,0.109452911
2020/10/15,11395.54737,376.4695237,0.248558753,10.87213664,49.65702743,255.4697125,0.107565466
2020/10/16,11504.54901,378.2395134,0.245895571,10.76830455,49.46330271,260.8337392,0.106627943
2020/10/17,11355.16044,367.1522803,0.240469691,10.65601469,47.73364955,251.2672199,0.104003565
2020/10/18,11358.70638,368.2368439,0.240632642,10.56464623,46.78311432,244.3069895,0.105871204
2020/10/19,11471.00255,376.5122025,0.241856023,10.87665203,47.53379079,248.7495961,0.107143162
2020/10/20,11776.593,379.6604737,0.247698008,10.92378854,48.17237077,249.2294894,0.109632961
2020/10/21,11936.36291,368.8607246,0.243758761,9.991511267,46.97258084,240.9783512,0.102226839
2020/10/22,13102.93446,398.0277214,0.25397849,11.11579029,54.36726983,263.1320553,0.107618144
2020/10/23,13140.66928,417.6331816,0.263228581,12.18385751,55.13645261,273.4528908,0.112197799
2020/10/24,12933.82357,408.242839,0.254091629,12.00202455,55.35910131,269.2859907,0.10728517
2020/10/25,13081.67256,411.2159945,0.255839409,12.71622905,58.97706817,274.1655707,0.108035804
2020/10/26,13008.45326,405.3954329,0.252510072,12.0629291,58.49909445,270.8010713,0.106209267
2020/10/27,13033.52427,391.4164093,0.248001938,11.82389144,56.66862168,259.3549315,0.102925991
2020/10/28,13721.28222,404.4218332,0.251485393,11.98809227,57.85469766,265.175717,0.102928679
2020/10/29,13282.26035,388.1564436,0.246390304,11.37429152,55.61419037,268.1532149,0.09937959
2020/10/30,13467.73178,386.0911828,0.242416625,11.26774623,54.62302983,267.305668,0.095380955
2020/10/31,13573.7105,383.6848623,0.239370889,11.18141652,54.15584896,261.8280068,0.09402287
2020/11/1,13891.21683,388.4387981,0.240955686,11.23428372,56.04419739,263.2978926,0.093339608
2020/11/2,13730.19731,395.9961822,0.240376965,11.4900148,55.62635508,267.4814766,0.09767357
2020/11/3,13633.69822,384.8347475,0.235406573,10.85470392,54.1248757,258.3454862,0.092737434
2020/11/4,13832.93841,386.4908987,0.238916744,10.40590332,53.76458499,242.9574232,0.093394894
2020/11/5,14163.97682,403.2778486,0.238862276,10.54092448,55.16958141,241.2103084,0.096016438
2020/11/6,15424.52768,416.5114824,0.24587574,11.0736521,59.52878692,251.1519578,0.098056888
2020/11/7,15540.59659,453.0308238,0.257374824,12.12719961,61.67176865,256.5135352,0.10844477
2020/11/8,14783.98168,435.8613368,0.24884829,11.85501271,59.03839589,253.5576811,0.102420538
2020/11/9,15500.33425,454.5517449,0.254072288,12.66428463,60.95534975,270.2681241,0.105953829
2020/11/10,15283.78014,443.6204255,0.250685594,12.49946964,58.84454347,263.7717253,0.105658109
2020/11/11,15374.04439,453.3189965,0.257289964,13.21747187,58.25043725,258.3328555,0.106691502
2020/11/12,15820.49524,466.5282281,0.257290154,13.04212504,59.61596607,258.767108,0.106507472
2020/11/13,16253.31027,462.6719472,0.255217606,12.47117629,59.31400249,259.987781,0.104432256
2020/11/14,16347.04492,477.3388766,0.264780891,12.96360991,65.87561162,260.8174468,0.106286851
2020/11/15,15991.83302,460.4664981,0.268067488,12.46940891,62.99157536,255.543606,0.103611888
2020/11/16,15918.08013,445.8941418,0.267731605,12.04035607,62.00186632,241.3113107,0.10020842
2020/11/17,16752.00299,461.0623568,0.286668954,12.60834385,71.83351289,250.3531673,0.103859575
2020/11/18,17593.48641,480.9909845,0.302031213,13.1049522,76.41285602,255.9801112,0.109055757
2020/11/19,17834.63653,478.4043732,0.292357113,13.38414858,74.35395499,246.9760067,0.106464034
2020/11/20,17954.85801,473.573918,0.30171961,13.61857689,82.40680101,247.1515939,0.105995492
2020/11/21,18612.87067,507.6303417,0.32230647,14.12147617,82.04622857,257.3507741,0.114036038
2020/11/22,18591.8566,539.562594,0.432335048,15.13573596,85.38018596,299.3126789,0.128092198
2020/11/23,18629.99554,578.4629743,0.469949801,14.91743092,85.52222633,294.5446951,0.148595529
2020/11/24,18469.20047,609.1437149,0.597163077,15.38087605,89.02615392,319.5976955,0.154248956
2020/11/25,19045.73647,601.5316453,0.684358208,15.47492897,88.24355905,341.3071344,0.163707574
2020/11/26,18746.93481,567.7759673,0.618309504,14.16336455,82.01898997,313.3853736,0.155417185
2020/11/27,17187.40628,520.8333184,0.536828454,12.80617569,70.93928741,271.8790136,0.137877646
2020/11/28,17023.9614,515.5342237,0.552022709,12.38290419,68.57342697,264.4694788,0.137315774
2020/11/29,17814.78028,546.0136418,0.624437468,13.24644531,73.72652996,278.6416733,0.164549971
2020/11/30,18114.41435,567.6815131,0.606202593,13.13967468,79.18816759,282.8615566,0.164618989
2020/12/1,19382.36059,605.7631371,0.648221228,14.18319055,86.9197492,319.1752914,0.168284975
2020/12/2,18980.97745,593.6592575,0.626850536,13.61140555,87.45939119,293.2520731,0.156971344
2020/12/3,19184.89785,598.2636466,0.622005745,13.99167542,88.93447234,292.5400492,0.157047925
2020/12/4,19464.5317,615.4088785,0.628393959,13.96148394,88.49570622,290.8494623,0.164713799
2020/12/5,18813.12476,575.5926002,0.558034374,12.69698614,80.98206776,281.4055378,0.150047533
2020/12/6,19045.02027,592.4092013,0.581360142,13.11180107,82.09648756,283.5195612,0.158275411
2020/12/7,19113.9334,592.6159237,0.613557803,13.27534356,82.04223225,283.6788285,0.157400766
2020/12/8,19107.5998,589.663019,0.604460858,13.06438495,83.33930394,284.2057272,0.153935228
2020/12/9,18682.45783,563.4373127,0.57071782,12.13918574,77.43733154,269.1807546,0.143811085
2020/12/10,18543.00705,574.9030707,0.585554595,12.65659108,77.46398298,270.1038736,0.148136004
2020/12/11,18359.4766,564.3938575,0.576675787,12.03265259,75.29522437,267.2070959,0.142911379
2020/12/12,18137.31937,550.3806474,0.5802656,11.80220634,73.2491623,261.1523297,0.141598387
2020/12/13,18882.26017,573.0083479,0.51904181,12.28867816,77.2654376,269.6267485,0.145673478
2020/12/14,19060.2769,586.3212363,0.506438613,12.88676142,81.59653844,275.0335768,0.15322214
2020/12/15,19251.224,587.3035383,0.49785699,12.91087169,82.06275556,272.8887124,0.157246498
2020/12/16,19443.47635,588.2978961,0.472028315,12.68125287,81.66173323,289.0037729,0.154936248
2020/12/17,21310.65626,632.2912858,0.538903323,13.4009159,92.11771763,308.1734271,0.166756559
2020/12/18,22895.97624,645.0753045,0.585331329,13.61942797,103.2842991,311.8033171,0.164430276
2020/12/19,23008.77626,652.1960226,0.585051606,13.44027674,107.6881661,310.1635232,0.164256488
2020/12/20,23890.82265,663.552343,0.58861224,13.65303865,121.6544497,321.5684848,0.167325746
2020/12/21,23537.36989,635.5837929,0.560871351,13.03814832,114.6801235,345.6669523,0.161089477
2020/12/22,23177.271,617.2544032,0.52809064,12.50279712,107.2477887,320.5609895,0.154438223
2020/12/23,23433.98076,623.4432027,0.432018373,12.55175046,108.7575293,309.8905423,0.154316156
2020/12/24,23224.45414,584.5174191,0.275389409,10.66140124,103.3558168,275.0034243,0.139437395
2020/12/25,23623.88553,612.5741967,0.288024224,11.41548886,108.7117631,292.4548589,0.153734446
2020/12/26,24581.00617,621.6166903,0.322611295,11.46923101,123.8290072,312.0856112,0.157575432
2020/12/27,26381.29623,633.9198224,0.293206632,10.73477459,129.6019595,322.1116852,0.157577432
2020/12/28,26389.29026,681.279485,0.282668326,12.09103832,127.1882639,340.1763437,0.153423286
2020/12/29,26718.02946,726.1045863,0.252882911,12.65699106,129.2579181,356.4214596,0.17412395
2020/12/30,26975.72956,724.5759622,0.222478851,11.45882038,126.3061852,347.0632659,0.185891241
2020/12/31,28768.83621,746.0625173,0.218717786,11.27171112,128.2615636,356.0288473,0.183988045
2021/1/1,29111.52157,741.1184043,0.221629887,11.17416309,124.0329713,344.4703633,0.180171126
2021/1/2,29333.60512,730.0351684,0.238273958,11.92980301,125.9308648,339.5431854,0.175171151
2021/1/3,32154.16736,771.4757567,0.22097998,12.02966146,136.8669235,352.456504,0.17841574
2021/1/4,33002.53643,976.8926808,0.223254101,13.47617323,155.7559164,407.2829399,0.197739446
2021/1/5,31431.61228,1017.862399,0.232838041,13.26028176,151.8488493,398.2928731,0.214113807
2021/1/6,34433.60651,1123.162841,0.226211771,14.88897653,162.409682,423.2725097,0.264307281
2021/1/7,36275.75635,1193.57152,0.254945272,16.89221629,167.7460167,453.6552464,0.3258528
2021/1/8,39713.50786,1251.04921,0.336645183,16.16504402,172.8270787,458.2986858,0.302755754
2021/1/9,40519.4486,1208.579979,0.310874365,15.23704621,173.8433912,437.0073483,0.297562328
2021/1/10,40258.92399,1287.484144,0.325657954,17.39835495,175.5678323,559.4612375,0.329465609
2021/1/11,38709.76537,1281.997661,0.316043179,16.52006589,171.1082579,600.0709734,0.308523275
2021/1/12,34409.64238,1055.890925,0.285123383,14.09704989,134.7744663,464.5213411,0.267266493
2021/1/13,34214.61026,1064.201284,0.294184185,14.07672879,134.5519025,459.4799554,0.286328377
2021/1/14,37017.0075,1116.434087,0.304657963,15.84671532,143.926057,489.9169546,0.306234747
2021/1/15,38435.86351,1177.344245,0.292779777,16.87748643,147.8348259,505.3554592,0.30322665
2021/1/16,36751.58497,1171.395883,0.280457285,20.39624577,142.3783133,486.0671052,0.303342942
2021/1/17,36016.77961,1227.087041,0.279049971,20.53708096,144.0718484,489.1309976,0.34441651
2021/1/18,36375.81138,1252.998158,0.279679599,22.99312262,144.3492372,486.1055452,0.393334857
2021/1/19,36346.6095,1238.645504,0.283556246,21.63705634,148.996134,494.4911765,0.371185
2021/1/20,36577.51965,1411.833939,0.300097477,21.14149729,158.0751327,522.6227501,0.375592488
2021/1/21,35004.53263,1332.642513,0.292645539,21.25463822,148.0994082,493.6101573,0.370509263
2021/1/22,30606.18268,1117.483678,0.266355524,18.49873003,128.2494029,414.9185441,0.308616933
2021/1/23,33368.36593,1250.715166,0.274836967,22.43585803,139.2522249,445.5016441,0.352672675
2021/1/24,32070.09743,1235.09164,0.270582272,24.50050656,137.3207917,429.2040134,0.344375947
2021/1/25,32285.72613,1368.895605,0.273414139,24.74281955,139.3606553,435.3260767,0.352352436
2021/1/26,32500.25596,1324.858487,0.269433255,23.53547282,138.1507949,435.8105999,0.345623097
2021/1/27,32324.55565,1350.736956,0.267654215,22.90694968,133.734859,426.5442098,0.344312091
2021/1/28,30534.99937,1247.656556,0.252853814,20.89213655,124.2910124,380.2202336,0.315006605
2021/1/29,33408.21834,1354.960394,0.26438866,23.5949627,133.9976007,409.3633649,0.347694013
2021/1/30,34842.55739,1407.68179,0.28715095,23.17850097,138.2942543,412.3158743,0.353166268
2021/1/31,34622.37323,1385.498675,0.414037852,23.76914019,133.8928252,414.0641605,0.366068458
2021/2/1,33087.36986,1315.243745,0.488379033,22.48040322,128.8202612,399.5189131,0.346383505
2021/2/2,33613.32076,1357.04799,0.37849324,22.94781034,132.4747676,412.5857178,0.399932251
2021/2/3,35632.90195,1540.651288,0.368082055,23.56742914,143.9269691,431.8165935,0.432496879
2021/2/4,37397.42636,1644.685967,0.39463532,24.8353028,154.6889113,445.3765984,0.44275834
2021/2/5,37256.25211,1628.468008,0.460635525,24.82185164,146.9977943,424.5518318,0.433153004
2021/2/6,37851.59659,1704.8323,0.440691484,26.17058933,153.673106,444.2047409,0.55084352
2021/2/7,40302.79979,1708.728299,0.446664084,25.40104703,158.9407607,464.1033214,0.6383299
2021/2/8,38461.6814,1584.681923,0.41625452,24.40021156,150.0998833,440.2408864,0.624113799
2021/2/9,44716.68547,1714.876044,0.447801898,25.14939732,165.842517,479.6918965,0.679887387
2021/2/10,46674.85169,1762.268302,0.467729118,27.44622847,175.8565123,509.3466132,0.696310009
2021/2/11,45237.47569,1747.197727,0.504009633,26.70223794,181.2836196,494.448515,0.884638017
2021/2/12,47500.89752,1781.584729,0.524970579,27.73074851,186.2353279,528.172472,0.957399878
2021/2/13,47884.18286,1845.820149,0.594892465,31.24423716,198.0693915,567.6179737,0.926233476
2021/2/14,47005.19065,1811.268874,0.62162508,33.61626439,225.3745077,637.1067022,0.890378545
2021/2/15,49151.16758,1828.092656,0.606027338,33.99030259,219.3942622,731.592844,0.871410735
2021/2/16,48125.9922,1787.122941,0.561376438,33.04083934,211.01739,721.5720831,0.856799002
2021/2/17,48840.41447,1763.751671,0.512356993,31.54473388,208.4603744,701.1918281,0.872177646
2021/2/18,52165.30256,1835.991463,0.539831988,32.07937909,233.0111955,716.2313928,0.884653846
2021/2/19,51728.5088,1936.715286,0.535741016,32.6639388,227.5328689,703.604698,0.91012067
2021/2/20,55719.20436,1958.73919,0.56402441,34.62774196,239.1891587,726.949249,0.93463252
2021/2/21,54801.64864,1855.264841,0.490166022,33.0136238,219.9948816,647.1850993,1.091894163
2021/2/22,57128.64261,1913.800284,0.534230601,33.66173782,225.3584927,699.9895001,1.08446267
2021/2/23,54181.91465,1782.149591,0.575106616,31.41216845,206.6405505,626.2799396,1.095003082
2021/2/24,48172.87748,1546.622961,0.46113951,25.3634385,173.5110373,504.0430356,0.926066788
2021/2/25,48745.43298,1589.266801,0.460245667,27.38526977,177.0361875,518.6673757,1.02585318
2021/2/26,48291.41208,1524.180606,0.45306909,26.06394834,187.6235248,515.4136906,1.106721502
2021/2/27,45752.11492,1435.724418,0.424883999,24.89421949,169.0006758,481.5850907,1.204904529
2021/2/28,46642.60608,1495.812837,0.44167735,26.75070471,173.0059707,490.9072451,1.347230419
2021/3/1,45092.80657,1412.713189,0.415393451,24.59997819,164.2744003,458.9447361,1.294209993
2021/3/2,49248.91401,1555.84478,0.445886246,27.1173766,175.4997865,496.6899055,1.306038943
2021/3/3,47900.77688,1483.912043,0.43319312,28.28519424,174.5045166,507.1837707,1.209842538
2021/3/4,50811.85517,1593.878998,0.450477318,30.1628474,189.5274743,529.3245075,1.226033732
2021/3/5,48259.48708,1528.56831,0.470374782,27.50534637,180.0895495,507.8456799,1.106490553
2021/3/6,49149.73083,1543.568386,0.462341307,28.10620323,182.8956075,501.2267462,1.183832735
2021/3/7,48879.1519,1658.812318,0.461688455,28.20198096,182.4671904,501.5740297,1.132989157
2021/3/8,50594.69857,1681.991795,0.463080901,28.14569794,188.1702836,510.8298356,1.130525894
2021/3/9,51503.25813,1782.486859,0.472872307,30.87232991,188.8336224,521.3198015,1.109794504
2021/3/10,54458.03781,1834.665277,0.483582427,31.18829698,202.596671,541.8657968,1.198962057
2021/3/11,56915.17394,1829.391324,0.464575849,30.0347327,204.5075836,558.1099827,1.150498072
2021/3/12,57636.75796,1822.231797,0.451930475,29.90304327,200.5638856,548.1551792,1.112917183
2021/3/13,57306.16626,1762.2336,0.437372487,28.18958061,218.9643654,531.7431987,1.047727426
2021/3/14,60743.04182,1905.946671,0.456056531,29.71281468,224.2006043,593.3101102,1.093953288
2021/3/15,60197.90199,1880.756114,0.444992601,29.18699283,218.3695144,567.4066078,1.071320515
2021/3/16,56300.33411,1789.844053,0.436426399,27.41323409,201.2060477,525.6755637,1.032723448
2021/3/17,56639.78395,1797.820265,0.461250682,27.78299776,201.5905729,528.7068287,1.223630563
2021/3/18,58567.28378,1815.7424,0.471334064,30.76017586,204.0587841,537.0045635,1.371825619
2021/3/19,57983.09474,1790.528729,0.47162746,29.70732825,200.8663924,528.0624008,1.246947308
2021/3/20,58451.73147,1819.555149,0.469163,30.13969693,201.0744262,536.8577622,1.331025989
2021/3/21,58593.60245,1833.745117,0.54418449,30.10401321,202.3970565,542.9177262,1.225168247
2021/3/22,57796.46737,1798.889705,0.51679271,29.45700338,197.2603717,527.7730087,1.198380278
2021/3/23,54329.35863,1684.46157,0.55186093,27.5516589,186.3866021,510.1598791,1.10745801
2021/3/24,54794.29771,1677.399709,0.552779896,27.07237454,185.595834,515.0164738,1.13454057
2021/3/25,52787.74553,1592.232371,0.478055635,25.03264092,178.8131585,476.3737043,1.084917393
2021/3/26,52173.86798,1598.256146,0.514478217,25.92571227,173.4396441,476.2754365,1.115985347
2021/3/27,54483.04573,1681.905539,0.553745466,27.24532209,182.2731261,501.7633542,1.205691806
2021/3/28,56234.35611,1722.471861,0.555368407,27.05191592,184.9175129,501.6915886,1.190784896
2021/3/29,55343.92582,1676.357087,0.54570984,26.50626443,182.704069,494.3466062,1.186099261
2021/3/30,57627.67925,1809.068883,0.560977024,27.95059552,194.606483,516.4390104,1.200004582
2021/3/31,58734.47543,1841.755764,0.563649432,27.75967445,195.1540361,524.7199182,1.212516892
2021/4/1,58724.66452,1913.851919,0.560201513,28.6332627,195.2336417,536.5931263,1.188916564
2021/4/2,58984.61293,1968.166713,0.569806748,30.12585964,202.4054078,553.9700489,1.188429598
2021/4/3,58821.62699,2096.590506,0.59530606,31.83915803,206.4487536,584.9897459,1.18616641
2021/4/4,57517.79877,2036.751897,0.584854759,29.66974814,198.9417595,537.8992482,1.170104101
2021/4/5,58177.40276,2067.514785,0.623119588,30.63961373,201.903552,557.0388971,1.180037425
2021/4/6,58843.55954,2114.143939,0.901787857,32.49918956,222.7017532,629.3575618,1.210122237
2021/4/7,58040.1876,2117.595811,1.030588596,34.43550157,239.2651953,657.4534354,1.240510788
